,symboling,normalized-losses,make,num-of-doors,body-style,drive-wheels,engine-location,wheel-base,length,width,height,curb-weight,engine-type,num-of-cylinders,engine-size,fuel-system,bore,stroke,compression-ratio,horsepower,peak-rpm,city-mpg,highway-L/100km,price,horsepower-binned,diesel,gas,aspiration-std,aspiration-turbo
0,3,122,alfa-romero,two,convertible,rwd,front,88.6,0.811148486,0.890277778,0.816053512,2548,dohc,four,130,mpfi,3.47,2.68,9,111,5000,21,8.703703704,13495,Low,0,1,1,0
1,3,122,alfa-romero,two,convertible,rwd,front,88.6,0.811148486,0.890277778,0.816053512,2548,dohc,four,130,mpfi,3.47,2.68,9,111,5000,21,8.703703704,16500,Low,0,1,1,0
2,1,122,alfa-romero,two,hatchback,rwd,front,94.5,0.822681403,0.909722222,0.876254181,2823,ohcv,six,152,mpfi,2.68,3.47,9,154,5000,19,9.038461538,16500,Medium,0,1,1,0
3,2,164,audi,four,sedan,fwd,front,99.8,0.848630466,0.919444444,0.908026756,2337,ohc,four,109,mpfi,3.19,3.4,10,102,5500,24,7.833333333,13950,Low,0,1,1,0
4,2,164,audi,four,sedan,4wd,front,99.4,0.848630466,0.922222222,0.908026756,2824,ohc,five,136,mpfi,3.19,3.4,8,115,5500,18,10.68181818,17450,Low,0,1,1,0
5,2,122,audi,two,sedan,fwd,front,99.8,0.851994234,0.920833333,0.887959866,2507,ohc,five,136,mpfi,3.19,3.4,8.5,110,5500,19,9.4,15250,Low,0,1,1,0
6,1,158,audi,four,sedan,fwd,front,105.8,0.925997117,0.991666667,0.931438127,2844,ohc,five,136,mpfi,3.19,3.4,8.5,110,5500,19,9.4,17710,Low,0,1,1,0
7,1,122,audi,four,wagon,fwd,front,105.8,0.925997117,0.991666667,0.931438127,2954,ohc,five,136,mpfi,3.19,3.4,8.5,110,5500,19,9.4,18920,Low,0,1,1,0
8,1,158,audi,four,sedan,fwd,front,105.8,0.925997117,0.991666667,0.934782609,3086,ohc,five,131,mpfi,3.13,3.4,8.3,140,5500,17,11.75,23875,Medium,0,1,0,1
9,2,192,bmw,two,sedan,rwd,front,101.2,0.849591543,0.9,0.908026756,2395,ohc,four,108,mpfi,3.5,2.8,8.8,101,5800,23,8.103448276,16430,Low,0,1,1,0
10,0,192,bmw,four,sedan,rwd,front,101.2,0.849591543,0.9,0.908026756,2395,ohc,four,108,mpfi,3.5,2.8,8.8,101,5800,23,8.103448276,16925,Low,0,1,1,0
11,0,188,bmw,two,sedan,rwd,front,101.2,0.849591543,0.9,0.908026756,2710,ohc,six,164,mpfi,3.31,3.19,9,121,4250,21,8.392857143,20970,Medium,0,1,1,0
12,0,188,bmw,four,sedan,rwd,front,101.2,0.849591543,0.9,0.908026756,2765,ohc,six,164,mpfi,3.31,3.19,9,121,4250,21,8.392857143,21105,Medium,0,1,1,0
13,1,122,bmw,four,sedan,rwd,front,103.5,0.908217203,0.929166667,0.931438127,3055,ohc,six,164,mpfi,3.31,3.19,9,121,4250,20,9.4,24565,Medium,0,1,1,0
14,0,122,bmw,four,sedan,rwd,front,103.5,0.908217203,0.929166667,0.931438127,3230,ohc,six,209,mpfi,3.62,3.39,8,182,5400,16,10.68181818,30760,Medium,0,1,1,0
15,0,122,bmw,two,sedan,rwd,front,103.5,0.931283037,0.943055556,0.897993311,3380,ohc,six,209,mpfi,3.62,3.39,8,182,5400,16,10.68181818,41315,Medium,0,1,1,0
16,0,122,bmw,four,sedan,rwd,front,110,0.946660259,0.984722222,0.941471572,3505,ohc,six,209,mpfi,3.62,3.39,8,182,5400,15,11.75,36880,Medium,0,1,1,0
17,2,121,chevrolet,two,hatchback,fwd,front,88.4,0.678039404,0.8375,0.889632107,1488,l,three,61,2bbl,2.91,3.03,9.5,48,5100,47,4.433962264,5151,Low,0,1,1,0
18,1,98,chevrolet,two,hatchback,fwd,front,94.5,0.749159058,0.883333333,0.869565217,1874,ohc,four,90,2bbl,3.03,3.11,9.6,70,5400,38,5.465116279,6295,Low,0,1,1,0
19,0,81,chevrolet,four,sedan,fwd,front,94.5,0.763094666,0.883333333,0.869565217,1909,ohc,four,90,2bbl,3.03,3.11,9.6,70,5400,38,5.465116279,6575,Low,0,1,1,0
20,1,118,dodge,two,hatchback,fwd,front,93.7,0.755886593,0.886111111,0.849498328,1876,ohc,four,90,2bbl,2.97,3.23,9.41,68,5500,37,5.731707317,5572,Low,0,1,1,0
21,1,118,dodge,two,hatchback,fwd,front,93.7,0.755886593,0.886111111,0.849498328,1876,ohc,four,90,2bbl,2.97,3.23,9.4,68,5500,31,6.184210526,6377,Low,0,1,1,0
22,1,118,dodge,two,hatchback,fwd,front,93.7,0.755886593,0.886111111,0.849498328,2128,ohc,four,98,mpfi,3.03,3.39,7.6,102,5500,24,7.833333333,7957,Low,0,1,0,1
23,1,148,dodge,four,hatchback,fwd,front,93.7,0.755886593,0.886111111,0.846153846,1967,ohc,four,90,2bbl,2.97,3.23,9.4,68,5500,31,6.184210526,6229,Low,0,1,1,0
24,1,148,dodge,four,sedan,fwd,front,93.7,0.755886593,0.886111111,0.846153846,1989,ohc,four,90,2bbl,2.97,3.23,9.4,68,5500,31,6.184210526,6692,Low,0,1,1,0
25,1,148,dodge,four,sedan,fwd,front,93.7,0.755886593,0.886111111,0.846153846,1989,ohc,four,90,2bbl,2.97,3.23,9.4,68,5500,31,6.184210526,7609,Low,0,1,1,0
26,1,148,dodge,four,sedan,fwd,front,93.7,0.755886593,0.886111111,0.846153846,2191,ohc,four,98,mpfi,3.03,3.39,7.6,102,5500,24,7.833333333,8558,Low,0,1,0,1
27,-1,110,dodge,four,wagon,fwd,front,103.3,0.839019702,0.897222222,1,2535,ohc,four,122,2bbl,3.34,3.46,8.5,88,5000,24,7.833333333,8921,Low,0,1,1,0
28,3,145,dodge,two,hatchback,fwd,front,95.9,0.832292167,0.920833333,0.839464883,2811,ohc,four,156,mfi,3.6,3.9,7,145,5000,19,9.791666667,12964,Medium,0,1,0,1
29,2,137,honda,two,hatchback,fwd,front,86.6,0.694858241,0.8875,0.849498328,1713,ohc,four,92,1bbl,2.91,3.41,9.6,58,4800,49,4.351851852,6479,Low,0,1,1,0
30,2,137,honda,two,hatchback,fwd,front,86.6,0.694858241,0.8875,0.849498328,1819,ohc,four,92,1bbl,2.91,3.41,9.2,76,6000,31,6.184210526,6855,Low,0,1,1,0
31,1,101,honda,two,hatchback,fwd,front,93.7,0.720807304,0.888888889,0.879598662,1837,ohc,four,79,1bbl,2.91,3.07,10.1,60,5500,38,5.595238095,5399,Low,0,1,1,0
32,1,101,honda,two,hatchback,fwd,front,93.7,0.720807304,0.888888889,0.879598662,1940,ohc,four,92,1bbl,2.91,3.41,9.2,76,6000,30,6.911764706,6529,Low,0,1,1,0
33,1,101,honda,two,hatchback,fwd,front,93.7,0.720807304,0.888888889,0.879598662,1956,ohc,four,92,1bbl,2.91,3.41,9.2,76,6000,30,6.911764706,7129,Low,0,1,1,0
34,0,110,honda,four,sedan,fwd,front,96.5,0.785199423,0.888888889,0.911371237,2010,ohc,four,92,1bbl,2.91,3.41,9.2,76,6000,30,6.911764706,7295,Low,0,1,1,0
35,0,78,honda,four,wagon,fwd,front,96.5,0.754925517,0.8875,0.974916388,2024,ohc,four,92,1bbl,2.92,3.41,9.2,76,6000,30,6.911764706,7295,Low,0,1,1,0
36,0,106,honda,two,hatchback,fwd,front,96.5,0.80490149,0.905555556,0.891304348,2236,ohc,four,110,1bbl,3.15,3.58,9,86,5800,27,7.121212121,7895,Low,0,1,1,0
37,0,106,honda,two,hatchback,fwd,front,96.5,0.80490149,0.905555556,0.891304348,2289,ohc,four,110,1bbl,3.15,3.58,9,86,5800,27,7.121212121,9095,Low,0,1,1,0
38,0,85,honda,four,sedan,fwd,front,96.5,0.842864008,0.905555556,0.904682274,2304,ohc,four,110,1bbl,3.15,3.58,9,86,5800,27,7.121212121,8845,Low,0,1,1,0
39,0,85,honda,four,sedan,fwd,front,96.5,0.842864008,0.868055556,0.904682274,2372,ohc,four,110,1bbl,3.15,3.58,9,86,5800,27,7.121212121,10295,Low,0,1,1,0
40,0,85,honda,four,sedan,fwd,front,96.5,0.842864008,0.905555556,0.904682274,2465,ohc,four,110,mpfi,3.15,3.58,9,101,5800,24,8.392857143,12945,Low,0,1,1,0
41,1,107,honda,two,sedan,fwd,front,96.5,0.812590101,0.916666667,0.852842809,2293,ohc,four,110,2bbl,3.15,3.58,9.1,100,5500,25,7.580645161,10345,Low,0,1,1,0
42,0,122,isuzu,four,sedan,rwd,front,94.3,0.820278712,0.858333333,0.894648829,2337,ohc,four,111,2bbl,3.31,3.23,8.5,78,4800,24,8.103448276,6785,Low,0,1,1,0
43,2,122,isuzu,two,hatchback,rwd,front,96,0.829408938,0.905555556,0.859531773,2734,ohc,four,119,spfi,3.43,3.23,9.2,90,5000,24,8.103448276,11048,Low,0,1,1,0
44,0,145,jaguar,four,sedan,rwd,front,113,0.959154253,0.966666667,0.882943144,4066,dohc,six,258,mpfi,3.63,4.17,8.1,176,4750,15,12.36842105,32250,Medium,0,1,1,0
45,0,122,jaguar,four,sedan,rwd,front,113,0.959154253,0.966666667,0.882943144,4066,dohc,six,258,mpfi,3.63,4.17,8.1,176,4750,15,12.36842105,35550,Medium,0,1,1,0
46,0,122,jaguar,two,sedan,rwd,front,102,0.921191735,0.980555556,0.799331104,3950,ohcv,twelve,326,mpfi,3.54,2.76,11.5,262,5000,13,13.82352941,36000,High,0,1,1,0
47,1,104,mazda,two,hatchback,fwd,front,93.1,0.764536281,0.891666667,0.904682274,1890,ohc,four,91,2bbl,3.03,3.15,9,68,5000,30,7.580645161,5195,Low,0,1,1,0
48,1,104,mazda,two,hatchback,fwd,front,93.1,0.764536281,0.891666667,0.904682274,1900,ohc,four,91,2bbl,3.03,3.15,9,68,5000,31,6.184210526,6095,Low,0,1,1,0
49,1,104,mazda,two,hatchback,fwd,front,93.1,0.764536281,0.891666667,0.904682274,1905,ohc,four,91,2bbl,3.03,3.15,9,68,5000,31,6.184210526,6795,Low,0,1,1,0
50,1,113,mazda,four,sedan,fwd,front,93.1,0.801537722,0.891666667,0.904682274,1945,ohc,four,91,2bbl,3.03,3.15,9,68,5000,31,6.184210526,6695,Low,0,1,1,0
51,1,113,mazda,four,sedan,fwd,front,93.1,0.801537722,0.891666667,0.904682274,1950,ohc,four,91,2bbl,3.08,3.15,9,68,5000,31,6.184210526,7395,Low,0,1,1,0
52,3,150,mazda,two,hatchback,rwd,front,95.3,0.812109563,0.9125,0.829431438,2380,rotor,two,70,4bbl,3.329751244,3.255422886,9.4,101,6000,17,10.2173913,10945,Low,0,1,1,0
53,3,150,mazda,two,hatchback,rwd,front,95.3,0.812109563,0.9125,0.829431438,2380,rotor,two,70,4bbl,3.329751244,3.255422886,9.4,101,6000,17,10.2173913,11845,Low,0,1,1,0
54,3,150,mazda,two,hatchback,rwd,front,95.3,0.812109563,0.9125,0.829431438,2385,rotor,two,70,4bbl,3.329751244,3.255422886,9.4,101,6000,17,10.2173913,13645,Low,0,1,1,0
55,3,150,mazda,two,hatchback,rwd,front,95.3,0.812109563,0.9125,0.829431438,2500,rotor,two,80,mpfi,3.329751244,3.255422886,9.4,135,6000,16,10.2173913,15645,Medium,0,1,1,0
56,1,129,mazda,two,hatchback,fwd,front,98.8,0.854396925,0.923611111,0.897993311,2385,ohc,four,122,2bbl,3.39,3.39,8.6,84,4800,26,7.34375,8845,Low,0,1,1,0
57,0,115,mazda,four,sedan,fwd,front,98.8,0.854396925,0.923611111,0.928093645,2410,ohc,four,122,2bbl,3.39,3.39,8.6,84,4800,26,7.34375,8495,Low,0,1,1,0
58,1,129,mazda,two,hatchback,fwd,front,98.8,0.854396925,0.923611111,0.897993311,2385,ohc,four,122,2bbl,3.39,3.39,8.6,84,4800,26,7.34375,10595,Low,0,1,1,0
59,0,115,mazda,four,sedan,fwd,front,98.8,0.854396925,0.923611111,0.928093645,2410,ohc,four,122,2bbl,3.39,3.39,8.6,84,4800,26,7.34375,10245,Low,0,1,1,0
60,0,122,mazda,four,sedan,fwd,front,98.8,0.854396925,0.923611111,0.928093645,2443,ohc,four,122,idi,3.39,3.39,22.7,64,4650,36,5.595238095,10795,Low,1,0,1,0
61,0,115,mazda,four,hatchback,fwd,front,98.8,0.854396925,0.923611111,0.928093645,2425,ohc,four,122,2bbl,3.39,3.39,8.6,84,4800,26,7.34375,11245,Low,0,1,1,0
62,0,118,mazda,four,sedan,rwd,front,104.9,0.840941855,0.918055556,0.909698997,2670,ohc,four,140,mpfi,3.76,3.16,8,120,5000,19,8.703703704,18280,Medium,0,1,1,0
63,0,122,mazda,four,sedan,rwd,front,104.9,0.840941855,0.918055556,0.909698997,2700,ohc,four,134,idi,3.43,3.64,22,72,4200,31,6.025641026,18344,Low,1,0,1,0
64,-1,93,mercedes-benz,four,sedan,rwd,front,110,0.917347429,0.976388889,0.944816054,3515,ohc,five,183,idi,3.58,3.64,21.5,123,4350,22,9.4,25552,Medium,1,0,0,1
65,-1,93,mercedes-benz,four,wagon,rwd,front,110,0.917347429,0.976388889,0.981605351,3750,ohc,five,183,idi,3.58,3.64,21.5,123,4350,22,9.4,28248,Medium,1,0,0,1
66,0,93,mercedes-benz,two,hardtop,rwd,front,106.7,0.90100913,0.976388889,0.918060201,3495,ohc,five,183,idi,3.58,3.64,21.5,123,4350,22,9.4,28176,Medium,1,0,0,1
67,-1,93,mercedes-benz,four,sedan,rwd,front,115.6,0.973570399,0.995833333,0.941471572,3770,ohc,five,183,idi,3.58,3.64,21.5,123,4350,22,9.4,31600,Medium,1,0,0,1
68,-1,122,mercedes-benz,four,sedan,rwd,front,115.6,0.973570399,0.995833333,0.944816054,3740,ohcv,eight,234,mpfi,3.46,3.1,8.3,155,4750,16,13.05555556,34184,Medium,0,1,1,0
69,3,142,mercedes-benz,two,convertible,rwd,front,96.6,0.86641038,0.979166667,0.849498328,3685,ohcv,eight,234,mpfi,3.46,3.1,8.3,155,4750,16,13.05555556,35056,Medium,0,1,1,0
70,0,122,mercedes-benz,four,sedan,rwd,front,120.9,1,0.995833333,0.948160535,3900,ohcv,eight,308,mpfi,3.8,3.35,8,184,4500,14,14.6875,40960,Medium,0,1,1,0
71,1,122,mercedes-benz,two,hardtop,rwd,front,112,0.9572321,1,0.926421405,3715,ohcv,eight,304,mpfi,3.8,3.35,8,184,4500,14,14.6875,45400,Medium,0,1,1,0
72,1,122,mercury,two,hatchback,rwd,front,102.7,0.857280154,0.944444444,0.91638796,2910,ohc,four,140,mpfi,3.78,3.12,8,175,5000,19,9.791666667,16503,Medium,0,1,0,1
73,2,161,mitsubishi,two,hatchback,fwd,front,93.7,0.755886593,0.894444444,0.849498328,1918,ohc,four,92,2bbl,2.97,3.23,9.4,68,5500,37,5.731707317,5389,Low,0,1,1,0
74,2,161,mitsubishi,two,hatchback,fwd,front,93.7,0.755886593,0.894444444,0.849498328,1944,ohc,four,92,2bbl,2.97,3.23,9.4,68,5500,31,6.184210526,6189,Low,0,1,1,0
75,2,161,mitsubishi,two,hatchback,fwd,front,93.7,0.755886593,0.894444444,0.849498328,2004,ohc,four,92,2bbl,2.97,3.23,9.4,68,5500,31,6.184210526,6669,Low,0,1,1,0
76,1,161,mitsubishi,two,hatchback,fwd,front,93,0.755886593,0.886111111,0.849498328,2145,ohc,four,98,spdi,3.03,3.39,7.6,102,5500,24,7.833333333,7689,Low,0,1,0,1
77,3,153,mitsubishi,two,hatchback,fwd,front,96.3,0.831331091,0.908333333,0.826086957,2370,ohc,four,110,spdi,3.17,3.46,7.5,116,5500,23,7.833333333,9959,Low,0,1,0,1
78,3,153,mitsubishi,two,hatchback,fwd,front,96.3,0.831331091,0.908333333,0.826086957,2328,ohc,four,122,2bbl,3.35,3.46,8.5,88,5000,25,7.34375,8499,Low,0,1,1,0
79,3,122,mitsubishi,two,hatchback,fwd,front,95.9,0.832292167,0.920833333,0.839464883,2833,ohc,four,156,spdi,3.58,3.86,7,145,5000,19,9.791666667,12629,Medium,0,1,0,1
80,3,122,mitsubishi,two,hatchback,fwd,front,95.9,0.832292167,0.920833333,0.839464883,2921,ohc,four,156,spdi,3.59,3.86,7,145,5000,19,9.791666667,14869,Medium,0,1,0,1
81,3,122,mitsubishi,two,hatchback,fwd,front,95.9,0.832292167,0.920833333,0.839464883,2926,ohc,four,156,spdi,3.59,3.86,7,145,5000,19,9.791666667,14489,Medium,0,1,0,1
82,1,125,mitsubishi,four,sedan,fwd,front,96.3,0.828447862,0.908333333,0.862876254,2365,ohc,four,122,2bbl,3.35,3.46,8.5,88,5000,25,7.34375,6989,Low,0,1,1,0
83,1,125,mitsubishi,four,sedan,fwd,front,96.3,0.828447862,0.908333333,0.862876254,2405,ohc,four,122,2bbl,3.35,3.46,8.5,88,5000,25,7.34375,8189,Low,0,1,1,0
84,1,125,mitsubishi,four,sedan,fwd,front,96.3,0.828447862,0.908333333,0.862876254,2403,ohc,four,110,spdi,3.17,3.46,7.5,116,5500,23,7.833333333,9279,Low,0,1,0,1
85,-1,137,mitsubishi,four,sedan,fwd,front,96.3,0.828447862,0.908333333,0.862876254,2403,ohc,four,110,spdi,3.17,3.46,7.5,116,5500,23,7.833333333,9279,Low,0,1,1,0
86,1,128,nissan,two,sedan,fwd,front,94.5,0.794329649,0.886111111,0.911371237,1889,ohc,four,97,2bbl,3.15,3.29,9.4,69,5200,31,6.351351351,5499,Low,0,1,1,0
87,1,128,nissan,two,sedan,fwd,front,94.5,0.794329649,0.886111111,0.911371237,2017,ohc,four,103,idi,2.99,3.47,21.9,55,4800,45,4.7,7099,Low,1,0,1,0
88,1,128,nissan,two,sedan,fwd,front,94.5,0.794329649,0.886111111,0.911371237,1918,ohc,four,97,2bbl,3.15,3.29,9.4,69,5200,31,6.351351351,6649,Low,0,1,1,0
89,1,122,nissan,four,sedan,fwd,front,94.5,0.794329649,0.886111111,0.911371237,1938,ohc,four,97,2bbl,3.15,3.29,9.4,69,5200,31,6.351351351,6849,Low,0,1,1,0
90,1,103,nissan,four,wagon,fwd,front,94.5,0.817876021,0.886111111,0.894648829,2024,ohc,four,97,2bbl,3.15,3.29,9.4,69,5200,31,6.351351351,7349,Low,0,1,1,0
91,1,128,nissan,two,sedan,fwd,front,94.5,0.794329649,0.886111111,0.911371237,1951,ohc,four,97,2bbl,3.15,3.29,9.4,69,5200,31,6.351351351,7299,Low,0,1,1,0
92,1,128,nissan,two,hatchback,fwd,front,94.5,0.795771264,0.886111111,0.891304348,2028,ohc,four,97,2bbl,3.15,3.29,9.4,69,5200,31,6.351351351,7799,Low,0,1,1,0
93,1,122,nissan,four,sedan,fwd,front,94.5,0.794329649,0.886111111,0.911371237,1971,ohc,four,97,2bbl,3.15,3.29,9.4,69,5200,31,6.351351351,7499,Low,0,1,1,0
94,1,103,nissan,four,wagon,fwd,front,94.5,0.817876021,0.886111111,0.894648829,2037,ohc,four,97,2bbl,3.15,3.29,9.4,69,5200,31,6.351351351,7999,Low,0,1,1,0
95,2,168,nissan,two,hardtop,fwd,front,95.1,0.780394041,0.886111111,0.891304348,2008,ohc,four,97,2bbl,3.15,3.29,9.4,69,5200,31,6.351351351,8249,Low,0,1,1,0
96,0,106,nissan,four,hatchback,fwd,front,97.2,0.833253244,0.905555556,0.914715719,2324,ohc,four,120,2bbl,3.33,3.47,8.5,97,5200,27,6.911764706,8949,Low,0,1,1,0
97,0,106,nissan,four,sedan,fwd,front,97.2,0.833253244,0.905555556,0.914715719,2302,ohc,four,120,2bbl,3.33,3.47,8.5,97,5200,27,6.911764706,9549,Low,0,1,1,0
98,0,128,nissan,four,sedan,fwd,front,100.4,0.873137914,0.923611111,0.921404682,3095,ohcv,six,181,mpfi,3.43,3.27,9,152,5200,17,10.68181818,13499,Medium,0,1,1,0
99,0,108,nissan,four,wagon,fwd,front,100.4,0.887073522,0.923611111,0.93812709,3296,ohcv,six,181,mpfi,3.43,3.27,9,152,5200,17,10.68181818,14399,Medium,0,1,1,0
100,0,108,nissan,four,sedan,fwd,front,100.4,0.887073522,0.923611111,0.921404682,3060,ohcv,six,181,mpfi,3.43,3.27,9,152,5200,19,9.4,13499,Medium,0,1,1,0
101,3,194,nissan,two,hatchback,rwd,front,91.3,0.820278712,0.943055556,0.831103679,3071,ohcv,six,181,mpfi,3.43,3.27,9,160,5200,19,9.4,17199,Medium,0,1,1,0
102,3,194,nissan,two,hatchback,rwd,front,91.3,0.820278712,0.943055556,0.831103679,3139,ohcv,six,181,mpfi,3.43,3.27,7.8,200,5200,17,10.2173913,19699,High,0,1,0,1
103,1,231,nissan,two,hatchback,rwd,front,99.2,0.857760692,0.943055556,0.831103679,3139,ohcv,six,181,mpfi,3.43,3.27,9,160,5200,19,9.4,18399,Medium,0,1,1,0
104,0,161,peugot,four,sedan,rwd,front,107.9,0.897164825,0.95,0.948160535,3020,l,four,120,mpfi,3.46,3.19,8.4,97,5000,19,9.791666667,11900,Low,0,1,1,0
105,0,161,peugot,four,sedan,rwd,front,107.9,0.897164825,0.95,0.948160535,3197,l,four,152,idi,3.7,3.52,21,95,4150,28,7.121212121,13200,Low,1,0,0,1
106,0,122,peugot,four,wagon,rwd,front,114.2,0.955790485,0.95,0.981605351,3230,l,four,120,mpfi,3.46,3.19,8.4,97,5000,19,9.791666667,12440,Low,0,1,1,0
107,0,122,peugot,four,wagon,rwd,front,114.2,0.955790485,0.95,0.981605351,3430,l,four,152,idi,3.7,3.52,21,95,4150,25,9.4,13860,Low,1,0,0,1
108,0,161,peugot,four,sedan,rwd,front,107.9,0.897164825,0.95,0.948160535,3075,l,four,120,mpfi,3.46,2.19,8.4,95,5000,19,9.791666667,15580,Low,0,1,1,0
109,0,161,peugot,four,sedan,rwd,front,107.9,0.897164825,0.95,0.948160535,3252,l,four,152,idi,3.7,3.52,21,95,4150,28,7.121212121,16900,Low,1,0,0,1
110,0,122,peugot,four,wagon,rwd,front,114.2,0.955790485,0.95,0.948160535,3285,l,four,120,mpfi,3.46,2.19,8.4,95,5000,19,9.791666667,16695,Low,0,1,1,0
111,0,122,peugot,four,wagon,rwd,front,114.2,0.955790485,0.95,0.981605351,3485,l,four,152,idi,3.7,3.52,21,95,4150,25,9.4,17075,Low,1,0,0,1
112,0,161,peugot,four,sedan,rwd,front,107.9,0.897164825,0.95,0.948160535,3075,l,four,120,mpfi,3.46,3.19,8.4,97,5000,19,9.791666667,16630,Low,0,1,1,0
113,0,161,peugot,four,sedan,rwd,front,107.9,0.897164825,0.95,0.948160535,3252,l,four,152,idi,3.7,3.52,21,95,4150,28,7.121212121,17950,Low,1,0,0,1
114,0,161,peugot,four,sedan,rwd,front,108,0.897164825,0.948611111,0.936454849,3130,l,four,134,mpfi,3.61,3.21,7,142,5600,18,9.791666667,18150,Medium,0,1,0,1
115,1,119,plymouth,two,hatchback,fwd,front,93.7,0.755886593,0.886111111,0.849498328,1918,ohc,four,90,2bbl,2.97,3.23,9.4,68,5500,37,5.731707317,5572,Low,0,1,1,0
116,1,119,plymouth,two,hatchback,fwd,front,93.7,0.755886593,0.886111111,0.849498328,2128,ohc,four,98,spdi,3.03,3.39,7.6,102,5500,24,7.833333333,7957,Low,0,1,0,1
117,1,154,plymouth,four,hatchback,fwd,front,93.7,0.755886593,0.886111111,0.846153846,1967,ohc,four,90,2bbl,2.97,3.23,9.4,68,5500,31,6.184210526,6229,Low,0,1,1,0
118,1,154,plymouth,four,sedan,fwd,front,93.7,0.803940413,0.886111111,0.849498328,1989,ohc,four,90,2bbl,2.97,3.23,9.4,68,5500,31,6.184210526,6692,Low,0,1,1,0
119,1,154,plymouth,four,sedan,fwd,front,93.7,0.803940413,0.886111111,0.849498328,2191,ohc,four,98,2bbl,2.97,3.23,9.4,68,5500,31,6.184210526,7609,Low,0,1,1,0
120,-1,74,plymouth,four,wagon,fwd,front,103.3,0.839019702,0.897222222,1,2535,ohc,four,122,2bbl,3.35,3.46,8.5,88,5000,24,7.833333333,8921,Low,0,1,1,0
121,3,122,plymouth,two,hatchback,rwd,front,95.9,0.832292167,0.920833333,0.839464883,2818,ohc,four,156,spdi,3.59,3.86,7,145,5000,19,9.791666667,12764,Medium,0,1,0,1
122,3,186,porsche,two,hatchback,rwd,front,94.5,0.811629025,0.948611111,0.839464883,2778,ohc,four,151,mpfi,3.94,3.11,9.5,143,5500,19,8.703703704,22018,Medium,0,1,1,0
123,3,122,porsche,two,hardtop,rwd,rear,89.5,0.811629025,0.902777778,0.862876254,2756,ohcf,six,194,mpfi,3.74,2.9,9.5,207,5900,17,9.4,32528,High,0,1,1,0
124,3,122,porsche,two,hardtop,rwd,rear,89.5,0.811629025,0.902777778,0.862876254,2756,ohcf,six,194,mpfi,3.74,2.9,9.5,207,5900,17,9.4,34028,High,0,1,1,0
125,3,122,porsche,two,convertible,rwd,rear,89.5,0.811629025,0.902777778,0.862876254,2800,ohcf,six,194,mpfi,3.74,2.9,9.5,207,5900,17,9.4,37028,High,0,1,1,0
126,0,122,renault,four,wagon,fwd,front,96.1,0.872176838,0.923611111,0.923076923,2579,ohc,four,132,mpfi,3.46,3.9,8.7,104,5125.369458,23,7.580645161,9295,Low,0,1,1,0
127,2,122,renault,two,hatchback,fwd,front,96.1,0.849591543,0.925,0.844481605,2460,ohc,four,132,mpfi,3.46,3.9,8.7,104,5125.369458,23,7.580645161,9895,Low,0,1,1,0
128,3,150,saab,two,hatchback,fwd,front,99.1,0.896684286,0.923611111,0.93812709,2658,ohc,four,121,mpfi,3.54,3.07,9.31,110,5250,21,8.392857143,11850,Low,0,1,1,0
129,2,104,saab,four,sedan,fwd,front,99.1,0.896684286,0.923611111,0.93812709,2695,ohc,four,121,mpfi,3.54,3.07,9.3,110,5250,21,8.392857143,12170,Low,0,1,1,0
130,3,150,saab,two,hatchback,fwd,front,99.1,0.896684286,0.923611111,0.93812709,2707,ohc,four,121,mpfi,2.54,2.07,9.3,110,5250,21,8.392857143,15040,Low,0,1,1,0
131,2,104,saab,four,sedan,fwd,front,99.1,0.896684286,0.923611111,0.93812709,2758,ohc,four,121,mpfi,3.54,3.07,9.3,110,5250,21,8.392857143,15510,Low,0,1,1,0
132,3,150,saab,two,hatchback,fwd,front,99.1,0.896684286,0.923611111,0.93812709,2808,dohc,four,121,mpfi,3.54,3.07,9,160,5500,19,9.038461538,18150,Medium,0,1,0,1
133,2,104,saab,four,sedan,fwd,front,99.1,0.896684286,0.923611111,0.93812709,2847,dohc,four,121,mpfi,3.54,3.07,9,160,5500,19,9.038461538,18620,Medium,0,1,0,1
134,2,83,subaru,two,hatchback,fwd,front,93.7,0.75396444,0.880555556,0.897993311,2050,ohcf,four,97,2bbl,3.62,2.36,9,69,4900,31,6.527777778,5118,Low,0,1,1,0
135,2,83,subaru,two,hatchback,fwd,front,93.7,0.758769822,0.883333333,0.897993311,2120,ohcf,four,108,2bbl,3.62,2.64,8.7,73,4400,26,7.580645161,7053,Low,0,1,1,0
136,2,83,subaru,two,hatchback,4wd,front,93.3,0.755886593,0.886111111,0.931438127,2240,ohcf,four,108,2bbl,3.62,2.64,8.7,73,4400,26,7.580645161,7603,Low,0,1,1,0
137,0,102,subaru,four,sedan,fwd,front,97.2,0.826525709,0.908333333,0.877926421,2145,ohcf,four,108,2bbl,3.62,2.64,9.5,82,4800,32,6.351351351,7126,Low,0,1,1,0
138,0,102,subaru,four,sedan,fwd,front,97.2,0.826525709,0.908333333,0.877926421,2190,ohcf,four,108,2bbl,3.62,2.64,9.5,82,4400,28,7.121212121,7775,Low,0,1,1,0
139,0,102,subaru,four,sedan,fwd,front,97.2,0.826525709,0.908333333,0.877926421,2340,ohcf,four,108,mpfi,3.62,2.64,9,94,5200,26,7.34375,9960,Low,0,1,1,0
140,0,102,subaru,four,sedan,4wd,front,97,0.826525709,0.908333333,0.908026756,2385,ohcf,four,108,2bbl,3.62,2.64,9,82,4800,24,9.4,9233,Low,0,1,1,0
141,0,102,subaru,four,sedan,4wd,front,97,0.826525709,0.908333333,0.908026756,2510,ohcf,four,108,mpfi,3.62,2.64,7.7,111,4800,24,8.103448276,11259,Low,0,1,0,1
142,0,89,subaru,four,wagon,fwd,front,97,0.833733782,0.908333333,0.886287625,2290,ohcf,four,108,2bbl,3.62,2.64,9,82,4800,28,7.34375,7463,Low,0,1,1,0
143,0,89,subaru,four,wagon,fwd,front,97,0.833733782,0.908333333,0.886287625,2455,ohcf,four,108,mpfi,3.62,2.64,9,94,5200,25,7.580645161,10198,Low,0,1,1,0
144,0,85,subaru,four,wagon,4wd,front,96.9,0.83421432,0.908333333,0.918060201,2420,ohcf,four,108,2bbl,3.62,2.64,9,82,4800,23,8.103448276,8013,Low,0,1,1,0
145,0,85,subaru,four,wagon,4wd,front,96.9,0.83421432,0.908333333,0.918060201,2650,ohcf,four,108,mpfi,3.62,2.64,7.7,111,4800,23,10.2173913,11694,Low,0,1,0,1
146,1,87,toyota,two,hatchback,fwd,front,95.7,0.762614128,0.883333333,0.911371237,1985,ohc,four,92,2bbl,3.05,3.03,9,62,4800,35,6.025641026,5348,Low,0,1,1,0
147,1,87,toyota,two,hatchback,fwd,front,95.7,0.762614128,0.883333333,0.911371237,2040,ohc,four,92,2bbl,3.05,3.03,9,62,4800,31,6.184210526,6338,Low,0,1,1,0
148,1,74,toyota,four,hatchback,fwd,front,95.7,0.762614128,0.883333333,0.911371237,2015,ohc,four,92,2bbl,3.05,3.03,9,62,4800,31,6.184210526,6488,Low,0,1,1,0
149,0,77,toyota,four,wagon,fwd,front,95.7,0.81547333,0.883333333,0.988294314,2280,ohc,four,92,2bbl,3.05,3.03,9,62,4800,31,6.351351351,6918,Low,0,1,1,0
150,0,81,toyota,four,wagon,4wd,front,95.7,0.81547333,0.883333333,0.988294314,2290,ohc,four,92,2bbl,3.05,3.03,9,62,4800,27,7.34375,7898,Low,0,1,1,0
151,0,91,toyota,four,wagon,4wd,front,95.7,0.81547333,0.883333333,0.988294314,3110,ohc,four,92,2bbl,3.05,3.03,9,62,4800,27,7.34375,8778,Low,0,1,1,0
152,0,91,toyota,four,sedan,fwd,front,95.7,0.799135031,0.894444444,0.886287625,2081,ohc,four,98,2bbl,3.19,3.03,9,70,4800,30,6.351351351,6938,Low,0,1,1,0
153,0,91,toyota,four,hatchback,fwd,front,95.7,0.799135031,0.894444444,0.882943144,2109,ohc,four,98,2bbl,3.19,3.03,9,70,4800,30,6.351351351,7198,Low,0,1,1,0
154,0,91,toyota,four,sedan,fwd,front,95.7,0.799135031,0.894444444,0.886287625,2275,ohc,four,110,idi,3.27,3.35,22.5,56,4500,34,6.527777778,7898,Low,1,0,1,0
155,0,91,toyota,four,hatchback,fwd,front,95.7,0.799135031,0.894444444,0.882943144,2275,ohc,four,110,idi,3.27,3.35,22.5,56,4500,38,5,7788,Low,1,0,1,0
156,0,91,toyota,four,sedan,fwd,front,95.7,0.799135031,0.894444444,0.886287625,2094,ohc,four,98,2bbl,3.19,3.03,9,70,4800,38,5,7738,Low,0,1,1,0
157,0,91,toyota,four,hatchback,fwd,front,95.7,0.799135031,0.894444444,0.882943144,2122,ohc,four,98,2bbl,3.19,3.03,9,70,4800,28,6.911764706,8358,Low,0,1,1,0
158,0,91,toyota,four,sedan,fwd,front,95.7,0.799135031,0.894444444,0.882943144,2140,ohc,four,98,2bbl,3.19,3.03,9,70,4800,28,6.911764706,9258,Low,0,1,1,0
159,1,168,toyota,two,sedan,rwd,front,94.5,0.810667948,0.888888889,0.879598662,2169,ohc,four,98,2bbl,3.19,3.03,9,70,4800,29,6.911764706,8058,Low,0,1,1,0
160,1,168,toyota,two,hatchback,rwd,front,94.5,0.810667948,0.888888889,0.879598662,2204,ohc,four,98,2bbl,3.19,3.03,9,70,4800,29,6.911764706,8238,Low,0,1,1,0
161,1,168,toyota,two,sedan,rwd,front,94.5,0.810667948,0.888888889,0.879598662,2265,dohc,four,98,mpfi,3.24,3.08,9.4,112,6600,26,8.103448276,9298,Low,0,1,1,0
162,1,168,toyota,two,hatchback,rwd,front,94.5,0.810667948,0.888888889,0.879598662,2300,dohc,four,98,mpfi,3.24,3.08,9.4,112,6600,26,8.103448276,9538,Low,0,1,1,0
163,2,134,toyota,two,hardtop,rwd,front,98.4,0.846708313,0.911111111,0.869565217,2540,ohc,four,146,mpfi,3.62,3.5,9.3,116,4800,24,7.833333333,8449,Low,0,1,1,0
164,2,134,toyota,two,hardtop,rwd,front,98.4,0.846708313,0.911111111,0.869565217,2536,ohc,four,146,mpfi,3.62,3.5,9.3,116,4800,24,7.833333333,9639,Low,0,1,1,0
165,2,134,toyota,two,hatchback,rwd,front,98.4,0.846708313,0.911111111,0.869565217,2551,ohc,four,146,mpfi,3.62,3.5,9.3,116,4800,24,7.833333333,9989,Low,0,1,1,0
166,2,134,toyota,two,hardtop,rwd,front,98.4,0.846708313,0.911111111,0.869565217,2679,ohc,four,146,mpfi,3.62,3.5,9.3,116,4800,24,7.833333333,11199,Low,0,1,1,0
167,2,134,toyota,two,hatchback,rwd,front,98.4,0.846708313,0.911111111,0.869565217,2714,ohc,four,146,mpfi,3.62,3.5,9.3,116,4800,24,7.833333333,11549,Low,0,1,1,0
168,2,134,toyota,two,convertible,rwd,front,98.4,0.846708313,0.911111111,0.886287625,2975,ohc,four,146,mpfi,3.62,3.5,9.3,116,4800,24,7.833333333,17669,Low,0,1,1,0
169,-1,65,toyota,four,sedan,fwd,front,102.4,0.843825084,0.923611111,0.918060201,2326,ohc,four,122,mpfi,3.31,3.54,8.7,92,4200,29,6.911764706,8948,Low,0,1,1,0
170,-1,65,toyota,four,sedan,fwd,front,102.4,0.843825084,0.923611111,0.918060201,2480,ohc,four,110,idi,3.27,3.35,22.5,73,4500,30,7.121212121,10698,Low,1,0,0,1
171,-1,65,toyota,four,hatchback,fwd,front,102.4,0.843825084,0.923611111,0.901337793,2414,ohc,four,122,mpfi,3.31,3.54,8.7,92,4200,27,7.34375,9988,Low,0,1,1,0
172,-1,65,toyota,four,sedan,fwd,front,102.4,0.843825084,0.923611111,0.918060201,2414,ohc,four,122,mpfi,3.31,3.54,8.7,92,4200,27,7.34375,10898,Low,0,1,1,0
173,-1,65,toyota,four,hatchback,fwd,front,102.4,0.843825084,0.923611111,0.901337793,2458,ohc,four,122,mpfi,3.31,3.54,8.7,92,4200,27,7.34375,11248,Low,0,1,1,0
174,3,197,toyota,two,hatchback,rwd,front,102.9,0.881787602,0.940277778,0.869565217,2976,dohc,six,171,mpfi,3.27,3.35,9.3,161,5200,20,9.791666667,16558,Medium,0,1,1,0
175,3,197,toyota,two,hatchback,rwd,front,102.9,0.881787602,0.940277778,0.869565217,3016,dohc,six,171,mpfi,3.27,3.35,9.3,161,5200,19,9.791666667,15998,Medium,0,1,1,0
176,-1,90,toyota,four,sedan,rwd,front,104.5,0.902450745,0.923611111,0.904682274,3131,dohc,six,171,mpfi,3.27,3.35,9.2,156,5200,20,9.791666667,15690,Medium,0,1,1,0
177,-1,122,toyota,four,wagon,rwd,front,104.5,0.902450745,0.923611111,0.904682274,3151,dohc,six,161,mpfi,3.27,3.35,9.2,156,5200,19,9.791666667,15750,Medium,0,1,1,0
178,2,122,volkswagen,two,sedan,fwd,front,97.3,0.825084094,0.909722222,0.931438127,2261,ohc,four,97,idi,3.01,3.4,23,52,4800,37,5.108695652,7775,Low,1,0,1,0
179,2,122,volkswagen,two,sedan,fwd,front,97.3,0.825084094,0.909722222,0.931438127,2209,ohc,four,109,mpfi,3.19,3.4,9,85,5250,27,6.911764706,7975,Low,0,1,1,0
180,2,94,volkswagen,four,sedan,fwd,front,97.3,0.825084094,0.909722222,0.931438127,2264,ohc,four,97,idi,3.01,3.4,23,52,4800,37,5.108695652,7995,Low,1,0,1,0
181,2,94,volkswagen,four,sedan,fwd,front,97.3,0.825084094,0.909722222,0.931438127,2212,ohc,four,109,mpfi,3.19,3.4,9,85,5250,27,6.911764706,8195,Low,0,1,1,0
182,2,94,volkswagen,four,sedan,fwd,front,97.3,0.825084094,0.909722222,0.931438127,2275,ohc,four,109,mpfi,3.19,3.4,9,85,5250,27,6.911764706,8495,Low,0,1,1,0
183,2,94,volkswagen,four,sedan,fwd,front,97.3,0.825084094,0.909722222,0.931438127,2319,ohc,four,97,idi,3.01,3.4,23,68,4500,37,5.595238095,9495,Low,1,0,0,1
184,2,94,volkswagen,four,sedan,fwd,front,97.3,0.825084094,0.909722222,0.931438127,2300,ohc,four,109,mpfi,3.19,3.4,10,100,5500,26,7.34375,9995,Low,0,1,1,0
185,3,122,volkswagen,two,convertible,fwd,front,94.5,0.765497357,0.891666667,0.929765886,2254,ohc,four,109,mpfi,3.19,3.4,8.5,90,5500,24,8.103448276,11595,Low,0,1,1,0
186,3,256,volkswagen,two,hatchback,fwd,front,94.5,0.796251802,0.888888889,0.859531773,2221,ohc,four,109,mpfi,3.19,3.4,8.5,90,5500,24,8.103448276,9980,Low,0,1,1,0
187,0,122,volkswagen,four,sedan,fwd,front,100.4,0.865929841,0.929166667,0.921404682,2661,ohc,five,136,mpfi,3.19,3.4,8.5,110,5500,19,9.791666667,13295,Low,0,1,1,0
188,0,122,volkswagen,four,sedan,fwd,front,100.4,0.865929841,0.929166667,0.921404682,2579,ohc,four,97,idi,3.01,3.4,23,68,4500,33,6.184210526,13845,Low,1,0,0,1
189,0,122,volkswagen,four,wagon,fwd,front,100.4,0.879865449,0.929166667,0.921404682,2563,ohc,four,109,mpfi,3.19,3.4,9,88,5500,25,7.580645161,12290,Low,0,1,1,0
190,-2,103,volvo,four,sedan,rwd,front,104.3,0.907256127,0.933333333,0.939799331,2912,ohc,four,141,mpfi,3.78,3.15,9.5,114,5400,23,8.392857143,12940,Low,0,1,1,0
191,-1,74,volvo,four,wagon,rwd,front,104.3,0.907256127,0.933333333,0.961538462,3034,ohc,four,141,mpfi,3.78,3.15,9.5,114,5400,23,8.392857143,13415,Low,0,1,1,0
192,-2,103,volvo,four,sedan,rwd,front,104.3,0.907256127,0.933333333,0.939799331,2935,ohc,four,141,mpfi,3.78,3.15,9.5,114,5400,24,8.392857143,15985,Low,0,1,1,0
193,-1,74,volvo,four,wagon,rwd,front,104.3,0.907256127,0.933333333,0.961538462,3042,ohc,four,141,mpfi,3.78,3.15,9.5,114,5400,24,8.392857143,16515,Low,0,1,1,0
194,-2,103,volvo,four,sedan,rwd,front,104.3,0.907256127,0.933333333,0.939799331,3045,ohc,four,130,mpfi,3.62,3.15,7.5,162,5100,17,10.68181818,18420,Medium,0,1,0,1
195,-1,74,volvo,four,wagon,rwd,front,104.3,0.907256127,0.933333333,0.961538462,3157,ohc,four,130,mpfi,3.62,3.15,7.5,162,5100,17,10.68181818,18950,Medium,0,1,0,1
196,-1,95,volvo,four,sedan,rwd,front,109.1,0.907256127,0.956944444,0.928093645,2952,ohc,four,141,mpfi,3.78,3.15,9.5,114,5400,23,8.392857143,16845,Low,0,1,1,0
197,-1,95,volvo,four,sedan,rwd,front,109.1,0.907256127,0.955555556,0.928093645,3049,ohc,four,141,mpfi,3.78,3.15,8.7,160,5300,19,9.4,19045,Medium,0,1,0,1
198,-1,95,volvo,four,sedan,rwd,front,109.1,0.907256127,0.956944444,0.928093645,3012,ohcv,six,173,mpfi,3.58,2.87,8.8,134,5500,18,10.2173913,21485,Medium,0,1,1,0
199,-1,95,volvo,four,sedan,rwd,front,109.1,0.907256127,0.956944444,0.928093645,3217,ohc,six,145,idi,3.01,3.4,23,106,4800,26,8.703703704,22470,Low,1,0,0,1
200,-1,95,volvo,four,sedan,rwd,front,109.1,0.907256127,0.956944444,0.928093645,3062,ohc,four,141,mpfi,3.78,3.15,9.5,114,5400,19,9.4,22625,Low,0,1,0,1
